ad_type,impressions,spend_usd,geo_targeting_included,CPM
Video,10,550.0,Alaska,55000.0
Image,10100,550.0,Nebraska,54.45544554455446
Image,1001,550.0,Nebraska,549.4505494505495
Text,10100,550.0,Oregon,54.45544554455446
Image,1001,550.0,Idaho,549.4505494505495
Text,10,550.0,Alaska,55000.0
Text,10,550.0,Oklahoma,55000.0
Text,10,550.0,Nebraska,55000.0
Image,1001,550.0,Kansas,549.4505494505495
Video,10100,550.0,Oregon,54.45544554455446
Video,10,550.0,Arkansas,55000.0
Text,10,550.0,Idaho,55000.0
Text,10,550.0,Connecticut,55000.0
Text,10,550.0,Arkansas,55000.0
Text,10,550.0,Oregon,55000.0
Text,10,550.0,New Mexico,55000.0
Text,10,550.0,Delaware,55000.0
Video,10100,550.0,Kansas,54.45544554455446
Text,10,550.0,Maryland,55000.0
Video,10,550.0,New Mexico,55000.0
Image,10100,550.0,Rhode Island,54.45544554455446
Image,10100,550.0,South Dakota,54.45544554455446
Video,10,550.0,Nebraska,55000.0
Video,10,550.0,Vermont,55000.0
Image,1001,550.0,Vermont,549.4505494505495
Text,10,550.0,Kansas,55000.0
Text,10,550.0,Hawaii,55000.0
Text,10,550.0,Vermont,55000.0
Video,10100,550.0,New Mexico,54.45544554455446
Video,10100,550.0,Alaska,54.45544554455446
Text,10,550.0,Rhode Island,55000.0
Video,10100,550.0,Arkansas,54.45544554455446
Image,10100,550.0,Delaware,54.45544554455446
Video,10,550.0,Kansas,55000.0
Video,10100,550.0,Vermont,54.45544554455446
Image,10100,550.0,Oregon,54.45544554455446
Image,10100,550.0,Idaho,54.45544554455446
Text,10,550.0,South Dakota,55000.0
Image,10100,550.0,Oklahoma,54.45544554455446
Video,10100,550.0,South Dakota,54.45544554455446
Image,1001,550.0,Oklahoma,549.4505494505495
Video,10100,550.0,Delaware,54.45544554455446
Image,1001,550.0,Arkansas,549.4505494505495
Image,1001,550.0,Oregon,549.4505494505495
Text,10100,550.0,New Mexico,54.45544554455446
Video,10100,550.0,Oklahoma,54.45544554455446
Image,1001,550.0,Delaware,549.4505494505495
Image,1001,550.0,Connecticut,549.4505494505495
Text,1001,550.0,Delaware,549.4505494505495
Video,10,550.0,Oklahoma,55000.0
Video,10100,550.0,Connecticut,54.45544554455446
Image,1001,550.0,South Dakota,549.4505494505495
Video,10100,550.0,Hawaii,54.45544554455446
Image,10100,550.0,Arkansas,54.45544554455446
Video,10100,550.0,Maryland,54.45544554455446
Text,10100,550.0,Vermont,54.45544554455446
Image,1001,550.0,Hawaii,549.4505494505495
Image,10100,550.0,Maryland,54.45544554455446
Text,10100,550.0,South Dakota,54.45544554455446
Text,10100,550.0,Delaware,54.45544554455446
Video,10,550.0,Maryland,55000.0
Image,10100,550.0,New Mexico,54.45544554455446
Image,1001,550.0,Maryland,549.4505494505495
Image,1001,550.0,Rhode Island,549.4505494505495
Image,10,550.0,Maryland,55000.0
Video,10100,550.0,Idaho,54.45544554455446
Text,10100,550.0,Oklahoma,54.45544554455446
Image,10100,550.0,Kansas,54.45544554455446
Text,10100,550.0,Idaho,54.45544554455446
Text,10100,550.0,Maryland,54.45544554455446
Video,110,550.0,Arkansas,5000.0
Video,1001,550.0,Nebraska,549.4505494505495
Video,1001,550.0,Kansas,549.4505494505495
Text,10100,550.0,Nebraska,54.45544554455446
Image,110,550.0,Oklahoma,5000.0
Video,1001,550.0,South Dakota,549.4505494505495
Image,1001,550.0,Alaska,549.4505494505495
Image,10100,550.0,Connecticut,54.45544554455446
Video,10100,550.0,Nebraska,54.45544554455446
Video,1001,550.0,Connecticut,549.4505494505495
Video,1001,550.0,Alaska,549.4505494505495
Video,1001,550.0,Arkansas,549.4505494505495
Text,10100,550.0,Connecticut,54.45544554455446
Image,1001,550.0,New Mexico,549.4505494505495
Text,10100,550.0,Arkansas,54.45544554455446
Image,110,550.0,Maryland,5000.0
Video,1001,550.0,Oklahoma,549.4505494505495
Video,1001,550.0,Oregon,549.4505494505495
Image,1001,25500.0,South Dakota,25474.525474525475
Video,1001,25500.0,Alaska,25474.525474525475
Video,1001,25500.0,Rhode Island,25474.525474525475
Video,110,25500.0,Kansas,231818.18181818182
Video,110,25500.0,New Mexico,231818.18181818182
Video,110,25500.0,Alaska,231818.18181818182
Text,10100,25500.0,Oregon,2524.7524752475247
Video,1001,25500.0,Kansas,25474.525474525475
Video,10,25500.0,Arkansas,2550000.0
Video,1001,25500.0,Oregon,25474.525474525475
Video,1001,25500.0,Maryland,25474.525474525475
Text,10100,25500.0,Kansas,2524.7524752475247
Video,110,25500.0,Maryland,231818.18181818182
Text,1001,25500.0,Maryland,25474.525474525475
Text,1001,25500.0,Oklahoma,25474.525474525475
Image,110,25500.0,Alaska,231818.18181818182
Text,1001,25500.0,Oregon,25474.525474525475
Video,110,25500.0,Oregon,231818.18181818182
Video,110,25500.0,Delaware,231818.18181818182
Video,10100,25500.0,Oklahoma,2524.7524752475247
Video,10100,25500.0,Alaska,2524.7524752475247
Text,10100,25500.0,New Mexico,2524.7524752475247
Video,1001,25500.0,Oklahoma,25474.525474525475
Text,10100,25500.0,Alaska,2524.7524752475247
Text,10,25500.0,South Dakota,2550000.0
Image,1001,25500.0,Nebraska,25474.525474525475
Video,10100,25500.0,Vermont,2524.7524752475247
Video,10100,25500.0,Arkansas,2524.7524752475247
Video,1001,25500.0,Arkansas,25474.525474525475
Image,1001,25500.0,Kansas,25474.525474525475
Image,110,25500.0,Nebraska,231818.18181818182
Text,10,25500.0,Arkansas,2550000.0
Text,10,25500.0,Oregon,2550000.0
Text,10,25500.0,Oklahoma,2550000.0
Text,10,25500.0,Alaska,2550000.0
Video,1001,25500.0,Delaware,25474.525474525475
Image,1001,25500.0,Alaska,25474.525474525475
Video,10100,25500.0,Nebraska,2524.7524752475247
Image,110,25500.0,Kansas,231818.18181818182
Image,110,25500.0,Maryland,231818.18181818182
Text,10100,25500.0,Rhode Island,2524.7524752475247
Image,1001,25500.0,Oklahoma,25474.525474525475
Image,1001,25500.0,Maryland,25474.525474525475
Text,10100,25500.0,Oklahoma,2524.7524752475247
Video,10100,25500.0,Kansas,2524.7524752475247
Video,1001,25500.0,Vermont,25474.525474525475
Text,10100,25500.0,Vermont,2524.7524752475247
Image,1001,25500.0,Delaware,25474.525474525475
Image,110,25500.0,New Mexico,231818.18181818182
Image,10100,25500.0,New Mexico,2524.7524752475247
Text,10,25500.0,Nebraska,2550000.0
Video,10100,25500.0,New Mexico,2524.7524752475247
Text,1001,25500.0,Nebraska,25474.525474525475
Text,10,25500.0,Delaware,2550000.0
Video,10100,25500.0,Idaho,2524.7524752475247
Image,1001,25500.0,New Mexico,25474.525474525475
Text,10100,25500.0,Maryland,2524.7524752475247
Video,1001,25500.0,Nebraska,25474.525474525475
Video,1001,25500.0,Idaho,25474.525474525475
Image,1001,25500.0,Arkansas,25474.525474525475
Text,10,25500.0,Vermont,2550000.0
Text,10100,25500.0,Connecticut,2524.7524752475247
Text,1001,25500.0,Arkansas,25474.525474525475
Text,10,25500.0,Kansas,2550000.0
Text,10,25500.0,Idaho,2550000.0
Text,10100,25500.0,Idaho,2524.7524752475247
Video,110,25500.0,Arkansas,231818.18181818182
Text,1001,25500.0,Kansas,25474.525474525475
Text,1001,25500.0,Hawaii,25474.525474525475
Text,10100,25500.0,Nebraska,2524.7524752475247
Video,10100,25500.0,Rhode Island,2524.7524752475247
Text,10100,25500.0,South Dakota,2524.7524752475247
Text,10100,25500.0,Delaware,2524.7524752475247
Video,1001,25500.0,Hawaii,25474.525474525475
Text,10,25500.0,Maryland,2550000.0
Text,1001,25500.0,Rhode Island,25474.525474525475
Text,10100,25500.0,Arkansas,2524.7524752475247
Video,1001,25500.0,South Dakota,25474.525474525475
Text,10,25500.0,New Mexico,2550000.0
Video,1001,25500.0,New Mexico,25474.525474525475
Video,10100,25500.0,Delaware,2524.7524752475247
Video,110,100000.0,Alaska,909090.9090909092
Video,10,100.0,Maryland,10000.0
Text,10,100.0,Oregon,10000.0
Text,10,100.0,Hawaii,10000.0
Text,10,100.0,Arkansas,10000.0
Text,10,100.0,Maryland,10000.0
Text,10,100.0,Vermont,10000.0
Text,10,100.0,Connecticut,10000.0
Text,10,100.0,South Dakota,10000.0
Text,10,100.0,Delaware,10000.0
Text,10,100.0,Alaska,10000.0
Text,10,100.0,Kansas,10000.0
Text,10,100.0,Oklahoma,10000.0
Text,10,100.0,New Mexico,10000.0
Text,10,100.0,Rhode Island,10000.0
Text,10,100.0,Nebraska,10000.0
Image,10,100.0,New Mexico,10000.0
Video,10,100.0,Hawaii,10000.0
Image,10,100.0,Alaska,10000.0
Image,10,100.0,Idaho,10000.0
Image,10100,100.0,Connecticut,9.900990099009901
Video,10,100.0,New Mexico,10000.0
Image,10100,100.0,Hawaii,9.900990099009901
Video,10,100.0,Connecticut,10000.0
Image,10,100.0,Delaware,10000.0
Image,10,100.0,Connecticut,10000.0
Image,10,100.0,Oklahoma,10000.0
Image,10100,100.0,Idaho,9.900990099009901
Image,10,100.0,Oregon,10000.0
Video,10,100.0,Alaska,10000.0
Video,10,100.0,Oklahoma,10000.0
Text,10,100.0,Idaho,10000.0
Image,10100,100.0,South Dakota,9.900990099009901
Video,10,100.0,Arkansas,10000.0
Image,10100,100.0,Kansas,9.900990099009901
Image,10,100.0,Arkansas,10000.0
Image,10100,100.0,Oregon,9.900990099009901
Image,10100,100.0,New Mexico,9.900990099009901
Image,10100,100.0,Maryland,9.900990099009901
Image,10,100.0,South Dakota,10000.0
Video,10,100.0,Idaho,10000.0
Image,10100,100.0,Delaware,9.900990099009901
Image,10,100.0,Maryland,10000.0
Image,10100,100.0,Arkansas,9.900990099009901
Image,10100,100.0,Oklahoma,9.900990099009901
Video,10,100.0,Delaware,10000.0
Image,10,100.0,Kansas,10000.0
Image,10,100.0,Rhode Island,10000.0
Video,10,100.0,Kansas,10000.0
Video,10,100.0,Nebraska,10000.0
Image,10100,100.0,Nebraska,9.900990099009901
Video,10,100.0,Vermont,10000.0
Image,10100,100.0,Rhode Island,9.900990099009901
Image,10100,100.0,Vermont,9.900990099009901
Image,10,100.0,Hawaii,10000.0
Image,10,100.0,Vermont,10000.0
Video,10,100.0,Oregon,10000.0
Image,10100,100.0,Alaska,9.900990099009901
Image,10,100.0,Nebraska,10000.0
Video,10100,100.0,Arkansas,9.900990099009901
Image,1001,100.0,Kansas,99.9000999000999
Video,10100,100.0,Kansas,9.900990099009901
Image,1001,100.0,Alaska,99.9000999000999
Video,10100,100.0,Nebraska,9.900990099009901
Video,10100,100.0,New Mexico,9.900990099009901
Video,10100,100.0,Oregon,9.900990099009901
Image,1001,100.0,Oregon,99.9000999000999
Video,10100,100.0,Hawaii,9.900990099009901
Video,10100,100.0,Alaska,9.900990099009901
Video,10100,100.0,Oklahoma,9.900990099009901
Video,10100,100.0,Connecticut,9.900990099009901
Text,10100,100.0,Delaware,9.900990099009901
Text,1001,75000.0,Oregon,74925.07492507492
Image,10100,550.0,Vermont,54.45544554455446
Video,10,550.0,Delaware,55000.0
Video,10,550.0,Oregon,55000.0
Image,10,550.0,Delaware,55000.0
Image,10,550.0,New Mexico,55000.0
Image,10100,550.0,Hawaii,54.45544554455446
Video,1001,550.0,Maryland,549.4505494505495
Text,10100,550.0,Rhode Island,54.45544554455446
Image,110,550.0,Delaware,5000.0
Text,10100,550.0,Alaska,54.45544554455446
Image,10100,550.0,Alaska,54.45544554455446
Text,1001,550.0,New Mexico,549.4505494505495
Text,10100,550.0,Kansas,54.45544554455446
Video,1001,550.0,Idaho,549.4505494505495
Text,110,25500.0,Kansas,231818.18181818182
Video,1001,25500.0,Connecticut,25474.525474525475
Image,110,25500.0,Connecticut,231818.18181818182
Text,1001,25500.0,Delaware,25474.525474525475
Image,110,25500.0,Hawaii,231818.18181818182
Text,1001,25500.0,New Mexico,25474.525474525475
Video,10100,25500.0,South Dakota,2524.7524752475247
Image,10100,25500.0,Delaware,2524.7524752475247
Image,110,25500.0,Delaware,231818.18181818182
Image,110,25500.0,Oklahoma,231818.18181818182
Image,1001,25500.0,Oregon,25474.525474525475
Video,10100,25500.0,Maryland,2524.7524752475247
Text,1001,100000.0,Kansas,99900.0999000999
Video,110,100000.0,Oregon,909090.9090909092
Image,1001,100.0,Idaho,99.9000999000999
Text,10100,100.0,Arkansas,9.900990099009901
Video,10100,100.0,Maryland,9.900990099009901
Image,1001,100.0,Delaware,99.9000999000999
Image,1001,100.0,Arkansas,99.9000999000999
Video,10,100.0,South Dakota,10000.0
Video,10100,100.0,Idaho,9.900990099009901
Image,1001,100.0,Vermont,99.9000999000999
Text,10100,100.0,South Dakota,9.900990099009901
Video,110,75000.0,Alaska,681818.1818181819
Video,10100,550.0,Iowa,54.45544554455446
Video,10,550.0,Iowa,55000.0
Image,10100,550.0,Iowa,54.45544554455446
Image,1001,550.0,Iowa,549.4505494505495
Text,10,550.0,Iowa,55000.0
Image,10,550.0,Iowa,55000.0
Video,1001,550.0,Iowa,549.4505494505495
Text,1001,550.0,Iowa,549.4505494505495
Text,10100,550.0,Iowa,54.45544554455446
Video,1001,25500.0,Iowa,25474.525474525475
Text,10100,25500.0,Iowa,2524.7524752475247
Video,110,25500.0,Iowa,231818.18181818182
Text,1001,25500.0,Iowa,25474.525474525475
Image,110,25500.0,Iowa,231818.18181818182
Image,10,25500.0,Iowa,2550000.0
Video,10100,25500.0,Iowa,2524.7524752475247
Text,10,25500.0,Iowa,2550000.0
Image,1001,25500.0,Iowa,25474.525474525475
Image,10100,25500.0,Iowa,2524.7524752475247
Video,110,100000.0,Iowa,909090.9090909092
Text,10,100.0,Iowa,10000.0
Video,10,100.0,Iowa,10000.0
Image,10,100.0,Iowa,10000.0
Image,10100,100.0,Iowa,9.900990099009901
Image,1001,100.0,Iowa,99.9000999000999
Video,10100,100.0,Iowa,9.900990099009901
Text,10100,100.0,Iowa,9.900990099009901
Text,1001,100.0,Iowa,99.9000999000999
Video,110,75000.0,Iowa,681818.1818181819
Text,1001,75000.0,Iowa,74925.07492507492
Text,1001,100000.0,Iowa,99900.0999000999
Video,10100,550.0,Ohio,54.45544554455446
Video,10,550.0,Ohio,55000.0
Image,10100,550.0,Ohio,54.45544554455446
Text,10,550.0,Ohio,55000.0
Text,10100,550.0,Ohio,54.45544554455446
Image,1001,550.0,Ohio,549.4505494505495
Image,10,550.0,Ohio,55000.0
Video,1001,550.0,Ohio,549.4505494505495
Video,1001,25500.0,Ohio,25474.525474525475
Video,110,25500.0,Ohio,231818.18181818182
Text,1001,25500.0,Ohio,25474.525474525475
Image,10,25500.0,Ohio,2550000.0
Text,10100,25500.0,Ohio,2524.7524752475247
Video,10100,25500.0,Ohio,2524.7524752475247
Text,10,25500.0,Ohio,2550000.0
Image,1001,25500.0,Ohio,25474.525474525475
Image,110,25500.0,Ohio,231818.18181818182
Video,10,25500.0,Ohio,2550000.0
Video,110,100000.0,Ohio,909090.9090909092
Image,10,100.0,Ohio,10000.0
Text,10,100.0,Ohio,10000.0
Video,10,100.0,Ohio,10000.0
Image,10100,100.0,Ohio,9.900990099009901
Text,10100,100.0,Ohio,9.900990099009901
Video,10100,100.0,Ohio,9.900990099009901
Image,1001,100.0,Ohio,99.9000999000999
Video,110,75000.0,Ohio,681818.1818181819
Text,1001,75000.0,Ohio,74925.07492507492
Text,1001,550.0,Ohio,549.4505494505495
Text,10,75000.0,Ohio,7500000.0
Text,10,550.0,Utah,55000.0
Video,10100,550.0,Utah,54.45544554455446
Image,10100,550.0,Utah,54.45544554455446
Image,1001,550.0,Utah,549.4505494505495
Video,10,550.0,Utah,55000.0
Text,10100,550.0,Utah,54.45544554455446
Text,10100,25500.0,Utah,2524.7524752475247
Text,10,25500.0,Utah,2550000.0
Video,10100,25500.0,Utah,2524.7524752475247
Video,1001,25500.0,Utah,25474.525474525475
Text,1001,25500.0,Utah,25474.525474525475
Image,110,25500.0,Utah,231818.18181818182
Video,110,25500.0,Utah,231818.18181818182
Text,10,100.0,Utah,10000.0
Image,10,100.0,Utah,10000.0
Video,10,100.0,Utah,10000.0
Image,10100,100.0,Utah,9.900990099009901
Video,10100,100.0,Utah,9.900990099009901
Video,1001,100.0,Utah,99.9000999000999
Video,1001,550.0,Utah,549.4505494505495
Image,1001,25500.0,Utah,25474.525474525475
Text,10,550.0,Maine,55000.0
Image,10100,550.0,Maine,54.45544554455446
Video,10100,550.0,Maine,54.45544554455446
Video,10,550.0,Maine,55000.0
Text,10100,550.0,Maine,54.45544554455446
Image,1001,550.0,Maine,549.4505494505495
Video,1001,550.0,Maine,549.4505494505495
Video,1001,25500.0,Maine,25474.525474525475
Text,10100,25500.0,Maine,2524.7524752475247
Video,110,25500.0,Maine,231818.18181818182
Video,10100,25500.0,Maine,2524.7524752475247
Text,10,25500.0,Maine,2550000.0
Image,110,25500.0,Maine,231818.18181818182
Image,1001,25500.0,Maine,25474.525474525475
Image,10100,25500.0,Maine,2524.7524752475247
Text,1001,100000.0,Maine,99900.0999000999
Text,10100,100000.0,Maine,9900.990099009901
Video,10,100.0,Maine,10000.0
Image,10,100.0,Maine,10000.0
Text,10,100.0,Maine,10000.0
Text,10100,100.0,Maine,9.900990099009901
Image,10100,100.0,Maine,9.900990099009901
Image,1001,100.0,Maine,99.9000999000999
Text,1001,75000.0,Maine,74925.07492507492
Video,110,75000.0,Maine,681818.1818181819
Text,1001,25500.0,Maine,25474.525474525475
Video,10100,100.0,Maine,9.900990099009901
Text,10100,75000.0,Maine,7425.742574257426
Image,10,550.0,Texas,55000.0
Image,10100,550.0,Texas,54.45544554455446
Text,10,550.0,Texas,55000.0
Image,1001,550.0,Texas,549.4505494505495
Video,10100,550.0,Texas,54.45544554455446
Video,10,550.0,Texas,55000.0
Text,10100,550.0,Texas,54.45544554455446
Video,1001,550.0,Texas,549.4505494505495
Image,110,550.0,Texas,5000.0
Text,1001,550.0,Texas,549.4505494505495
Text,1001,25500.0,Texas,25474.525474525475
Text,10100,25500.0,Texas,2524.7524752475247
Video,110,25500.0,Texas,231818.18181818182
Video,1001,25500.0,Texas,25474.525474525475
Image,110,25500.0,Texas,231818.18181818182
Image,10,25500.0,Texas,2550000.0
Image,1001,25500.0,Texas,25474.525474525475
Text,10,25500.0,Texas,2550000.0
Video,10100,25500.0,Texas,2524.7524752475247
Text,110,25500.0,Texas,231818.18181818182
Image,10100,25500.0,Texas,2524.7524752475247
Video,10,100000.0,Texas,10000000.0
Video,110,100000.0,Texas,909090.9090909092
Text,10,100.0,Texas,10000.0
Image,10,100.0,Texas,10000.0
Video,10,100.0,Texas,10000.0
Image,10100,100.0,Texas,9.900990099009901
Video,10100,100.0,Texas,9.900990099009901
Image,1001,100.0,Texas,99.9000999000999
Text,10100,100.0,Texas,9.900990099009901
Video,110,75000.0,Texas,681818.1818181819
Image,110,75000.0,Texas,681818.1818181819
Text,1001,75000.0,Texas,74925.07492507492
Text,110,100000.0,Texas,909090.9090909092
Video,1001,100.0,Texas,99.9000999000999
Text,10,550.0,Nevada,55000.0
Video,10100,550.0,Nevada,54.45544554455446
Video,10,550.0,Nevada,55000.0
Image,10100,550.0,Nevada,54.45544554455446
Text,10100,550.0,Nevada,54.45544554455446
Image,1001,550.0,Nevada,549.4505494505495
Image,10,550.0,Nevada,55000.0
Video,1001,550.0,Nevada,549.4505494505495
Video,1001,25500.0,Nevada,25474.525474525475
Text,10100,25500.0,Nevada,2524.7524752475247
Video,110,25500.0,Nevada,231818.18181818182
Image,1001,25500.0,Nevada,25474.525474525475
Text,10,25500.0,Nevada,2550000.0
Video,10100,25500.0,Nevada,2524.7524752475247
Image,110,25500.0,Nevada,231818.18181818182
Image,10100,25500.0,Nevada,2524.7524752475247
Video,10,25500.0,Nevada,2550000.0
Text,1001,25500.0,Nevada,25474.525474525475
Video,110,100000.0,Nevada,909090.9090909092
Video,10,100.0,Nevada,10000.0
Text,10,100.0,Nevada,10000.0
Image,10,100.0,Nevada,10000.0
Video,10100,100.0,Nevada,9.900990099009901
Image,10100,100.0,Nevada,9.900990099009901
Image,1001,100.0,Nevada,99.9000999000999
Video,110,75000.0,Nevada,681818.1818181819
Text,1001,550.0,Nevada,549.4505494505495
Image,10,25500.0,Nevada,2550000.0
Video,10,550.0,Alabama,55000.0
Video,10100,550.0,Alabama,54.45544554455446
Text,10,550.0,Alabama,55000.0
Image,10100,550.0,Alabama,54.45544554455446
Image,10,550.0,Alabama,55000.0
Image,1001,550.0,Alabama,549.4505494505495
Video,1001,550.0,Alabama,549.4505494505495
Text,10100,550.0,Alabama,54.45544554455446
Video,1001,25500.0,Alabama,25474.525474525475
Video,110,25500.0,Alabama,231818.18181818182
Text,10,25500.0,Alabama,2550000.0
Video,10100,25500.0,Alabama,2524.7524752475247
Text,10100,25500.0,Alabama,2524.7524752475247
Image,10,100.0,Alabama,10000.0
Video,10,100.0,Alabama,10000.0
Text,10,100.0,Alabama,10000.0
Image,10100,100.0,Alabama,9.900990099009901
Image,1001,100.0,Alabama,99.9000999000999
Video,10100,100.0,Alabama,9.900990099009901
Text,1001,25500.0,Alabama,25474.525474525475
Image,1001,25500.0,Alabama,25474.525474525475
Text,10100,100.0,Alabama,9.900990099009901
Video,10,75000.0,Alabama,7500000.0
Video,110,75000.0,Alabama,681818.1818181819
Video,10,550.0,Arizona,55000.0
Image,10100,550.0,Arizona,54.45544554455446
Video,10100,550.0,Arizona,54.45544554455446
Text,10,550.0,Arizona,55000.0
Image,10,550.0,Arizona,55000.0
Image,1001,550.0,Arizona,549.4505494505495
Video,1001,550.0,Arizona,549.4505494505495
Text,10100,550.0,Arizona,54.45544554455446
Image,110,550.0,Arizona,5000.0
Text,1001,550.0,Arizona,549.4505494505495
Video,1001,25500.0,Arizona,25474.525474525475
Text,1001,25500.0,Arizona,25474.525474525475
Video,110,25500.0,Arizona,231818.18181818182
Text,10100,25500.0,Arizona,2524.7524752475247
Image,110,25500.0,Arizona,231818.18181818182
Text,110,25500.0,Arizona,231818.18181818182
Image,1001,25500.0,Arizona,25474.525474525475
Video,10100,25500.0,Arizona,2524.7524752475247
Text,10,25500.0,Arizona,2550000.0
Image,10100,25500.0,Arizona,2524.7524752475247
Video,110,100000.0,Arizona,909090.9090909092
Video,10,100.0,Arizona,10000.0
Image,10100,100.0,Arizona,9.900990099009901
Image,10,100.0,Arizona,10000.0
Text,10,100.0,Arizona,10000.0
Video,10100,100.0,Arizona,9.900990099009901
Image,1001,100.0,Arizona,99.9000999000999
Text,10100,100.0,Arizona,9.900990099009901
Video,110,75000.0,Arizona,681818.1818181819
Text,1001,75000.0,Arizona,74925.07492507492
Image,10,25500.0,Arizona,2550000.0
Text,1001,100000.0,Arizona,99900.0999000999
Image,110,75000.0,Arizona,681818.1818181819
Video,1001,75000.0,Arizona,74925.07492507492
Video,10,550.0,Florida,55000.0
Video,10100,550.0,Florida,54.45544554455446
Image,1001,550.0,Florida,549.4505494505495
Text,10,550.0,Florida,55000.0
Image,10100,550.0,Florida,54.45544554455446
Video,1001,550.0,Florida,549.4505494505495
Text,1001,550.0,Florida,549.4505494505495
Text,10100,550.0,Florida,54.45544554455446
Video,110,25500.0,Florida,231818.18181818182
Video,10,25500.0,Florida,2550000.0
Text,1001,25500.0,Florida,25474.525474525475
Video,1001,25500.0,Florida,25474.525474525475
Text,10100,25500.0,Florida,2524.7524752475247
Image,110,25500.0,Florida,231818.18181818182
Image,1001,25500.0,Florida,25474.525474525475
Image,10,25500.0,Florida,2550000.0
Video,10100,25500.0,Florida,2524.7524752475247
Text,10,25500.0,Florida,2550000.0
Text,110,25500.0,Florida,231818.18181818182
Image,10100,25500.0,Florida,2524.7524752475247
Video,110,100000.0,Florida,909090.9090909092
Video,10,100000.0,Florida,10000000.0
Text,1001,100000.0,Florida,99900.0999000999
Video,10,100.0,Florida,10000.0
Image,10100,100.0,Florida,9.900990099009901
Image,10,100.0,Florida,10000.0
Video,10100,100.0,Florida,9.900990099009901
Text,10,100.0,Florida,10000.0
Image,1001,100.0,Florida,99.9000999000999
Video,1001,100.0,Florida,99.9000999000999
Video,110,75000.0,Florida,681818.1818181819
Text,1001,75000.0,Florida,74925.07492507492
Image,110,75000.0,Florida,681818.1818181819
Image,10,75000.0,Florida,7500000.0
Image,10,550.0,Florida,55000.0
Image,10,100000.0,Florida,10000000.0
Text,10,550.0,Georgia,55000.0
Video,10100,550.0,Georgia,54.45544554455446
Video,10,550.0,Georgia,55000.0
Image,10100,550.0,Georgia,54.45544554455446
Image,1001,550.0,Georgia,549.4505494505495
Text,10100,550.0,Georgia,54.45544554455446
Video,1001,550.0,Georgia,549.4505494505495
Image,110,550.0,Georgia,5000.0
Text,1001,550.0,Georgia,549.4505494505495
Video,110,25500.0,Georgia,231818.18181818182
Video,1001,25500.0,Georgia,25474.525474525475
Text,10100,25500.0,Georgia,2524.7524752475247
Text,1001,25500.0,Georgia,25474.525474525475
Image,110,25500.0,Georgia,231818.18181818182
Image,1001,25500.0,Georgia,25474.525474525475
Image,10,25500.0,Georgia,2550000.0
Video,10100,25500.0,Georgia,2524.7524752475247
Text,10,25500.0,Georgia,2550000.0
Image,10100,25500.0,Georgia,2524.7524752475247
Video,110,100000.0,Georgia,909090.9090909092
Video,10,100000.0,Georgia,10000000.0
Text,1001,100000.0,Georgia,99900.0999000999
Video,10,100.0,Georgia,10000.0
Image,10,100.0,Georgia,10000.0
Video,10100,100.0,Georgia,9.900990099009901
Image,10100,100.0,Georgia,9.900990099009901
Text,10,100.0,Georgia,10000.0
Text,10100,100.0,Georgia,9.900990099009901
Image,1001,100.0,Georgia,99.9000999000999
Video,1001,100.0,Georgia,99.9000999000999
Video,110,75000.0,Georgia,681818.1818181819
Text,10100,75000.0,Georgia,7425.742574257426
Text,1001,75000.0,Georgia,74925.07492507492
Image,10,550.0,Georgia,55000.0
Text,110,25500.0,Georgia,231818.18181818182
Text,110,100000.0,Georgia,909090.9090909092
Image,10100,550.0,Indiana,54.45544554455446
Image,10,550.0,Indiana,55000.0
Text,10,550.0,Indiana,55000.0
Video,10,550.0,Indiana,55000.0
Image,1001,550.0,Indiana,549.4505494505495
Video,10100,550.0,Indiana,54.45544554455446
Text,10100,550.0,Indiana,54.45544554455446
Text,1001,25500.0,Indiana,25474.525474525475
Video,1001,25500.0,Indiana,25474.525474525475
Image,110,25500.0,Indiana,231818.18181818182
Image,1001,25500.0,Indiana,25474.525474525475
Video,110,25500.0,Indiana,231818.18181818182
Text,10100,25500.0,Indiana,2524.7524752475247
Text,10,25500.0,Indiana,2550000.0
Video,10100,25500.0,Indiana,2524.7524752475247
Image,10100,25500.0,Indiana,2524.7524752475247
Video,10,100.0,Indiana,10000.0
Text,10,100.0,Indiana,10000.0
Image,10,100.0,Indiana,10000.0
Image,10100,100.0,Indiana,9.900990099009901
Video,10100,100.0,Indiana,9.900990099009901
Image,1001,100.0,Indiana,99.9000999000999
Text,10100,100.0,Indiana,9.900990099009901
Video,110,75000.0,Indiana,681818.1818181819
Text,1001,75000.0,Indiana,74925.07492507492
Video,1001,550.0,Indiana,549.4505494505495
Image,10100,550.0,Montana,54.45544554455446
Text,10,550.0,Montana,55000.0
Video,10100,550.0,Montana,54.45544554455446
Video,10,550.0,Montana,55000.0
Image,1001,550.0,Montana,549.4505494505495
Image,10,550.0,Montana,55000.0
Text,10100,550.0,Montana,54.45544554455446
Text,1001,550.0,Montana,549.4505494505495
Video,1001,550.0,Montana,549.4505494505495
Image,110,550.0,Montana,5000.0
Video,1001,25500.0,Montana,25474.525474525475
Text,10100,25500.0,Montana,2524.7524752475247
Text,110,25500.0,Montana,231818.18181818182
Text,1001,25500.0,Montana,25474.525474525475
Image,110,25500.0,Montana,231818.18181818182
Video,110,25500.0,Montana,231818.18181818182
Image,10,25500.0,Montana,2550000.0
Text,10,25500.0,Montana,2550000.0
Image,1001,25500.0,Montana,25474.525474525475
Video,10100,25500.0,Montana,2524.7524752475247
Image,10100,25500.0,Montana,2524.7524752475247
Video,10,100000.0,Montana,10000000.0
Text,10,100.0,Montana,10000.0
Image,10,100.0,Montana,10000.0
Video,10,100.0,Montana,10000.0
Image,10100,100.0,Montana,9.900990099009901
Text,10100,100.0,Montana,9.900990099009901
Image,1001,100.0,Montana,99.9000999000999
Video,110,75000.0,Montana,681818.1818181819
Image,10,75000.0,Montana,7500000.0
Video,10100,100.0,Montana,9.900990099009901
Text,10100,75000.0,Montana,7425.742574257426
Video,1001,75000.0,Montana,74925.07492507492
Text,10,550.0,Wyoming,55000.0
Image,10100,550.0,Wyoming,54.45544554455446
Image,1001,550.0,Wyoming,549.4505494505495
Video,10100,550.0,Wyoming,54.45544554455446
Text,10100,550.0,Wyoming,54.45544554455446
Video,1001,550.0,Wyoming,549.4505494505495
Video,110,550.0,Wyoming,5000.0
Video,1001,25500.0,Wyoming,25474.525474525475
Image,110,25500.0,Wyoming,231818.18181818182
Image,1001,25500.0,Wyoming,25474.525474525475
Video,10100,25500.0,Wyoming,2524.7524752475247
Text,10100,25500.0,Wyoming,2524.7524752475247
Text,10,25500.0,Wyoming,2550000.0
Image,10,100.0,Wyoming,10000.0
Text,10,100.0,Wyoming,10000.0
Video,10,100.0,Wyoming,10000.0
Image,10100,100.0,Wyoming,9.900990099009901
Image,1001,100.0,Wyoming,99.9000999000999
Video,10,550.0,Wyoming,55000.0
Video,10100,100.0,Wyoming,9.900990099009901
Video,10,550.0,Colorado,55000.0
Video,10100,550.0,Colorado,54.45544554455446
Image,1001,550.0,Colorado,549.4505494505495
Image,10100,550.0,Colorado,54.45544554455446
Text,10,550.0,Colorado,55000.0
Video,1001,550.0,Colorado,549.4505494505495
Text,10100,550.0,Colorado,54.45544554455446
Text,1001,550.0,Colorado,549.4505494505495
Video,110,550.0,Colorado,5000.0
Image,110,550.0,Colorado,5000.0
Text,1001,25500.0,Colorado,25474.525474525475
Video,110,25500.0,Colorado,231818.18181818182
Text,10,25500.0,Colorado,2550000.0
Video,1001,25500.0,Colorado,25474.525474525475
Text,10100,25500.0,Colorado,2524.7524752475247
Image,1001,25500.0,Colorado,25474.525474525475
Video,10100,25500.0,Colorado,2524.7524752475247
Image,110,25500.0,Colorado,231818.18181818182
Text,1001,100000.0,Colorado,99900.0999000999
Text,10,100.0,Colorado,10000.0
Image,10100,100.0,Colorado,9.900990099009901
Video,10,100.0,Colorado,10000.0
Image,10,100.0,Colorado,10000.0
Video,10100,100.0,Colorado,9.900990099009901
Image,1001,100.0,Colorado,99.9000999000999
Text,10100,100.0,Colorado,9.900990099009901
Text,1001,75000.0,Colorado,74925.07492507492
Video,110,75000.0,Colorado,681818.1818181819
Video,10,550.0,Illinois,55000.0
Text,10,550.0,Illinois,55000.0
Video,10100,550.0,Illinois,54.45544554455446
Text,10100,550.0,Illinois,54.45544554455446
Image,1001,550.0,Illinois,549.4505494505495
Image,10100,550.0,Illinois,54.45544554455446
Video,1001,550.0,Illinois,549.4505494505495
Video,1001,25500.0,Illinois,25474.525474525475
Video,110,25500.0,Illinois,231818.18181818182
Text,10100,25500.0,Illinois,2524.7524752475247
Text,1001,25500.0,Illinois,25474.525474525475
Image,110,25500.0,Illinois,231818.18181818182
Text,10,25500.0,Illinois,2550000.0
Video,10100,25500.0,Illinois,2524.7524752475247
Image,1001,25500.0,Illinois,25474.525474525475
Video,110,100000.0,Illinois,909090.9090909092
Text,1001,100000.0,Illinois,99900.0999000999
Video,10,100000.0,Illinois,10000000.0
Text,10,100.0,Illinois,10000.0
Image,10100,100.0,Illinois,9.900990099009901
Video,10,100.0,Illinois,10000.0
Image,10,100.0,Illinois,10000.0
Image,1001,100.0,Illinois,99.9000999000999
Video,10,75000.0,Illinois,7500000.0
Text,1001,75000.0,Illinois,74925.07492507492
Video,110,75000.0,Illinois,681818.1818181819
Video,10100,100.0,Illinois,9.900990099009901
Text,10100,75000.0,Illinois,7425.742574257426
Text,10,550.0,Kentucky,55000.0
Image,1001,550.0,Kentucky,549.4505494505495
Image,10100,550.0,Kentucky,54.45544554455446
Video,10,550.0,Kentucky,55000.0
Video,10100,550.0,Kentucky,54.45544554455446
Text,10100,550.0,Kentucky,54.45544554455446
Text,1001,550.0,Kentucky,549.4505494505495
Video,110,25500.0,Kentucky,231818.18181818182
Text,1001,25500.0,Kentucky,25474.525474525475
Text,10100,25500.0,Kentucky,2524.7524752475247
Video,1001,25500.0,Kentucky,25474.525474525475
Text,10,25500.0,Kentucky,2550000.0
Image,1001,25500.0,Kentucky,25474.525474525475
Video,10100,25500.0,Kentucky,2524.7524752475247
Image,10100,25500.0,Kentucky,2524.7524752475247
Image,110,25500.0,Kentucky,231818.18181818182
Video,110,100000.0,Kentucky,909090.9090909092
Text,1001,100000.0,Kentucky,99900.0999000999
Video,10,100.0,Kentucky,10000.0
Text,10,100.0,Kentucky,10000.0
Image,10,100.0,Kentucky,10000.0
Image,10100,100.0,Kentucky,9.900990099009901
Image,1001,100.0,Kentucky,99.9000999000999
Video,110,75000.0,Kentucky,681818.1818181819
Text,1001,75000.0,Kentucky,74925.07492507492
Image,10,550.0,Kentucky,55000.0
Video,10,550.0,Michigan,55000.0
Video,10100,550.0,Michigan,54.45544554455446
Text,10,550.0,Michigan,55000.0
Image,10100,550.0,Michigan,54.45544554455446
Text,10100,550.0,Michigan,54.45544554455446
Image,1001,550.0,Michigan,549.4505494505495
Video,1001,550.0,Michigan,549.4505494505495
Image,10,550.0,Michigan,55000.0
Text,1001,550.0,Michigan,549.4505494505495
Video,110,550.0,Michigan,5000.0
Video,1001,25500.0,Michigan,25474.525474525475
Video,110,25500.0,Michigan,231818.18181818182
Text,10100,25500.0,Michigan,2524.7524752475247
Text,1001,25500.0,Michigan,25474.525474525475
Image,110,25500.0,Michigan,231818.18181818182
Image,1001,25500.0,Michigan,25474.525474525475
Video,10100,25500.0,Michigan,2524.7524752475247
Text,10,25500.0,Michigan,2550000.0
Image,10100,25500.0,Michigan,2524.7524752475247
Text,110,25500.0,Michigan,231818.18181818182
Video,10,25500.0,Michigan,2550000.0
Image,10,25500.0,Michigan,2550000.0
Text,1001,100000.0,Michigan,99900.0999000999
Video,10,100.0,Michigan,10000.0
Image,10100,100.0,Michigan,9.900990099009901
Text,10,100.0,Michigan,10000.0
Image,10,100.0,Michigan,10000.0
Video,10100,100.0,Michigan,9.900990099009901
Image,1001,100.0,Michigan,99.9000999000999
Video,110,75000.0,Michigan,681818.1818181819
Text,110,75000.0,Michigan,681818.1818181819
Image,110,550.0,Michigan,5000.0
Video,110,100000.0,Michigan,909090.9090909092
Text,10100,100.0,Michigan,9.900990099009901
Text,1001,75000.0,Michigan,74925.07492507492
Image,110,75000.0,Michigan,681818.1818181819
Text,10,550.0,Missouri,55000.0
Image,10100,550.0,Missouri,54.45544554455446
Image,10,550.0,Missouri,55000.0
Video,10100,550.0,Missouri,54.45544554455446
Video,10,550.0,Missouri,55000.0
Text,10100,550.0,Missouri,54.45544554455446
Image,1001,550.0,Missouri,549.4505494505495
Video,1001,550.0,Missouri,549.4505494505495
Video,1001,25500.0,Missouri,25474.525474525475
Video,110,25500.0,Missouri,231818.18181818182
Text,10100,25500.0,Missouri,2524.7524752475247
Text,1001,25500.0,Missouri,25474.525474525475
Image,110,25500.0,Missouri,231818.18181818182
Image,1001,25500.0,Missouri,25474.525474525475
Text,10,25500.0,Missouri,2550000.0
Video,10100,25500.0,Missouri,2524.7524752475247
Image,10100,25500.0,Missouri,2524.7524752475247
Text,10,100.0,Missouri,10000.0
Image,10,100.0,Missouri,10000.0
Video,10,100.0,Missouri,10000.0
Image,10100,100.0,Missouri,9.900990099009901
Video,10100,100.0,Missouri,9.900990099009901
Text,10100,100.0,Missouri,9.900990099009901
Image,1001,100.0,Missouri,99.9000999000999
Video,110,75000.0,Missouri,681818.1818181819
Text,1001,75000.0,Missouri,74925.07492507492
Text,10,550.0,New York,55000.0
Video,10100,550.0,New York,54.45544554455446
Image,10100,550.0,New York,54.45544554455446
Image,10,550.0,New York,55000.0
Video,10,550.0,New York,55000.0
Text,10100,550.0,New York,54.45544554455446
Image,1001,550.0,New York,549.4505494505495
Text,1001,550.0,New York,549.4505494505495
Video,1001,550.0,New York,549.4505494505495
Image,110,25500.0,New York,231818.18181818182
Video,110,25500.0,New York,231818.18181818182
Text,1001,25500.0,New York,25474.525474525475
Text,10100,25500.0,New York,2524.7524752475247
Video,10100,25500.0,New York,2524.7524752475247
Video,1001,25500.0,New York,25474.525474525475
Image,1001,25500.0,New York,25474.525474525475
Text,10,25500.0,New York,2550000.0
Text,110,25500.0,New York,231818.18181818182
Video,10,100.0,New York,10000.0
Text,10,100.0,New York,10000.0
Image,10,100.0,New York,10000.0
Image,10100,100.0,New York,9.900990099009901
Text,10100,100.0,New York,9.900990099009901
Video,10100,100.0,New York,9.900990099009901
Image,1001,100.0,New York,99.9000999000999
Text,1001,75000.0,New York,74925.07492507492
Image,10100,25500.0,New York,2524.7524752475247
Video,10,550.0,Virginia,55000.0
Text,10,550.0,Virginia,55000.0
Video,10100,550.0,Virginia,54.45544554455446
Image,1001,550.0,Virginia,549.4505494505495
Text,10100,550.0,Virginia,54.45544554455446
Image,10100,550.0,Virginia,54.45544554455446
Image,10,550.0,Virginia,55000.0
Video,1001,550.0,Virginia,549.4505494505495
Image,110,550.0,Virginia,5000.0
Text,1001,550.0,Virginia,549.4505494505495
Image,1001,25500.0,Virginia,25474.525474525475
Video,110,25500.0,Virginia,231818.18181818182
Text,10100,25500.0,Virginia,2524.7524752475247
Video,1001,25500.0,Virginia,25474.525474525475
Text,1001,25500.0,Virginia,25474.525474525475
Image,110,25500.0,Virginia,231818.18181818182
Text,10,25500.0,Virginia,2550000.0
Video,10100,25500.0,Virginia,2524.7524752475247
Image,10100,25500.0,Virginia,2524.7524752475247
Text,110,25500.0,Virginia,231818.18181818182
Video,10,100.0,Virginia,10000.0
Text,10,100.0,Virginia,10000.0
Image,10100,100.0,Virginia,9.900990099009901
Image,10,100.0,Virginia,10000.0
Image,1001,100.0,Virginia,99.9000999000999
Video,10100,100.0,Virginia,9.900990099009901
Text,10100,100.0,Virginia,9.900990099009901
Video,110,75000.0,Virginia,681818.1818181819
Text,1001,75000.0,Virginia,74925.07492507492
Video,110,550.0,Virginia,5000.0
Video,110,100000.0,Virginia,909090.9090909092
Text,10,550.0,Louisiana,55000.0
Video,10,550.0,Louisiana,55000.0
Image,1001,550.0,Louisiana,549.4505494505495
Video,10100,550.0,Louisiana,54.45544554455446
Image,10100,550.0,Louisiana,54.45544554455446
Text,10100,550.0,Louisiana,54.45544554455446
Text,10100,25500.0,Louisiana,2524.7524752475247
Video,1001,25500.0,Louisiana,25474.525474525475
Video,110,25500.0,Louisiana,231818.18181818182
Image,110,25500.0,Louisiana,231818.18181818182
Video,10100,25500.0,Louisiana,2524.7524752475247
Image,1001,25500.0,Louisiana,25474.525474525475
Text,10,25500.0,Louisiana,2550000.0
Image,10,100.0,Louisiana,10000.0
Video,10,100.0,Louisiana,10000.0
Text,10,100.0,Louisiana,10000.0
Image,10100,100.0,Louisiana,9.900990099009901
Image,1001,100.0,Louisiana,99.9000999000999
Image,10100,25500.0,Louisiana,2524.7524752475247
Video,10100,100.0,Louisiana,9.900990099009901
Video,10100,550.0,Minnesota,54.45544554455446
Image,10100,550.0,Minnesota,54.45544554455446
Text,10,550.0,Minnesota,55000.0
Image,1001,550.0,Minnesota,549.4505494505495
Video,10,550.0,Minnesota,55000.0
Video,1001,550.0,Minnesota,549.4505494505495
Text,10100,550.0,Minnesota,54.45544554455446
Image,110,550.0,Minnesota,5000.0
Video,1001,25500.0,Minnesota,25474.525474525475
Video,10,25500.0,Minnesota,2550000.0
Text,1001,25500.0,Minnesota,25474.525474525475
Video,110,25500.0,Minnesota,231818.18181818182
Text,10100,25500.0,Minnesota,2524.7524752475247
Video,10100,25500.0,Minnesota,2524.7524752475247
Text,10,25500.0,Minnesota,2550000.0
Image,110,25500.0,Minnesota,231818.18181818182
Image,1001,25500.0,Minnesota,25474.525474525475
Image,10100,25500.0,Minnesota,2524.7524752475247
Video,10,100.0,Minnesota,10000.0
Text,10,100.0,Minnesota,10000.0
Image,10,100.0,Minnesota,10000.0
Image,10100,100.0,Minnesota,9.900990099009901
Video,10100,100.0,Minnesota,9.900990099009901
Image,1001,100.0,Minnesota,99.9000999000999
Video,110,550.0,Minnesota,5000.0
Text,10100,100.0,Minnesota,9.900990099009901
Text,1001,75000.0,Minnesota,74925.07492507492
Text,10,550.0,Tennessee,55000.0
Video,10,550.0,Tennessee,55000.0
Image,10100,550.0,Tennessee,54.45544554455446
Video,10100,550.0,Tennessee,54.45544554455446
Image,1001,550.0,Tennessee,549.4505494505495
Text,10100,550.0,Tennessee,54.45544554455446
Image,10,550.0,Tennessee,55000.0
Video,1001,550.0,Tennessee,549.4505494505495
Video,1001,25500.0,Tennessee,25474.525474525475
Image,110,25500.0,Tennessee,231818.18181818182
Video,110,25500.0,Tennessee,231818.18181818182
Text,10100,25500.0,Tennessee,2524.7524752475247
Text,1001,25500.0,Tennessee,25474.525474525475
Image,1001,25500.0,Tennessee,25474.525474525475
Text,10,25500.0,Tennessee,2550000.0
Video,10100,25500.0,Tennessee,2524.7524752475247
Text,10100,100000.0,Tennessee,9900.990099009901
Video,110,100000.0,Tennessee,909090.9090909092
Video,10,100.0,Tennessee,10000.0
Text,10,100.0,Tennessee,10000.0
Image,10,100.0,Tennessee,10000.0
Image,10100,100.0,Tennessee,9.900990099009901
Image,1001,100.0,Tennessee,99.9000999000999
Video,10100,100.0,Tennessee,9.900990099009901
Video,110,75000.0,Tennessee,681818.1818181819
Text,1001,75000.0,Tennessee,74925.07492507492
Image,10100,25500.0,Tennessee,2524.7524752475247
Video,10100,550.0,Wisconsin,54.45544554455446
Video,10,550.0,Wisconsin,55000.0
Video,1001,550.0,Wisconsin,549.4505494505495
Image,10100,550.0,Wisconsin,54.45544554455446
Text,10,550.0,Wisconsin,55000.0
Image,1001,550.0,Wisconsin,549.4505494505495
Text,10100,550.0,Wisconsin,54.45544554455446
Video,110,550.0,Wisconsin,5000.0
Image,110,550.0,Wisconsin,5000.0
Text,1001,550.0,Wisconsin,549.4505494505495
Video,1001,25500.0,Wisconsin,25474.525474525475
Text,1001,25500.0,Wisconsin,25474.525474525475
Text,10100,25500.0,Wisconsin,2524.7524752475247
Video,110,25500.0,Wisconsin,231818.18181818182
Text,10,25500.0,Wisconsin,2550000.0
Image,1001,25500.0,Wisconsin,25474.525474525475
Image,110,25500.0,Wisconsin,231818.18181818182
Video,10100,25500.0,Wisconsin,2524.7524752475247
Image,10,25500.0,Wisconsin,2550000.0
Text,1001,100000.0,Wisconsin,99900.0999000999
Text,10100,100000.0,Wisconsin,9900.990099009901
Video,10,100.0,Wisconsin,10000.0
Image,10100,100.0,Wisconsin,9.900990099009901
Text,10,100.0,Wisconsin,10000.0
Image,10,100.0,Wisconsin,10000.0
Video,10100,100.0,Wisconsin,9.900990099009901
Image,1001,100.0,Wisconsin,99.9000999000999
Video,1001,100.0,Wisconsin,99.9000999000999
Video,110,75000.0,Wisconsin,681818.1818181819
Text,1001,75000.0,Wisconsin,74925.07492507492
Image,10,550.0,Wisconsin,55000.0
Text,110,100000.0,Wisconsin,909090.9090909092
Text,10100,75000.0,Wisconsin,7425.742574257426
Text,10,550.0,California,55000.0
Image,10100,550.0,California,54.45544554455446
Image,1001,550.0,California,549.4505494505495
Text,10100,550.0,California,54.45544554455446
Video,10,550.0,California,55000.0
Video,10100,550.0,California,54.45544554455446
Image,10,550.0,California,55000.0
Video,1001,550.0,California,549.4505494505495
Text,1001,550.0,California,549.4505494505495
Video,110,550.0,California,5000.0
Image,110,550.0,California,5000.0
Text,1001,25500.0,California,25474.525474525475
Video,110,25500.0,California,231818.18181818182
Video,1001,25500.0,California,25474.525474525475
Text,10100,25500.0,California,2524.7524752475247
Image,110,25500.0,California,231818.18181818182
Text,110,25500.0,California,231818.18181818182
Image,10,25500.0,California,2550000.0
Text,10,25500.0,California,2550000.0
Video,10100,25500.0,California,2524.7524752475247
Image,1001,25500.0,California,25474.525474525475
Image,10,100000.0,California,10000000.0
Text,1001,100000.0,California,99900.0999000999
Video,10,100000.0,California,10000000.0
Video,110,100000.0,California,909090.9090909092
Text,110,100000.0,California,909090.9090909092
Text,10,100.0,California,10000.0
Video,10,100.0,California,10000.0
Image,10,100.0,California,10000.0
Image,10100,100.0,California,9.900990099009901
Text,10100,100.0,California,9.900990099009901
Video,1001,100.0,California,99.9000999000999
Video,10100,100.0,California,9.900990099009901
Image,1001,100.0,California,99.9000999000999
Text,1001,75000.0,California,74925.07492507492
Video,110,75000.0,California,681818.1818181819
Text,110,75000.0,California,681818.1818181819
Text,10100,75000.0,California,7425.742574257426
Text,10,550.0,New Jersey,55000.0
Image,10100,550.0,New Jersey,54.45544554455446
Image,1001,550.0,New Jersey,549.4505494505495
Video,10100,550.0,New Jersey,54.45544554455446
Video,10,550.0,New Jersey,55000.0
Text,10100,550.0,New Jersey,54.45544554455446
Video,1001,550.0,New Jersey,549.4505494505495
Video,1001,25500.0,New Jersey,25474.525474525475
Video,110,25500.0,New Jersey,231818.18181818182
Text,10100,25500.0,New Jersey,2524.7524752475247
Image,110,25500.0,New Jersey,231818.18181818182
Text,110,25500.0,New Jersey,231818.18181818182
Image,10,25500.0,New Jersey,2550000.0
Video,10100,25500.0,New Jersey,2524.7524752475247
Text,10,25500.0,New Jersey,2550000.0
Image,1001,25500.0,New Jersey,25474.525474525475
Image,10100,25500.0,New Jersey,2524.7524752475247
Text,1001,25500.0,New Jersey,25474.525474525475
Text,1001,100000.0,New Jersey,99900.0999000999
Text,10,100.0,New Jersey,10000.0
Video,10,100.0,New Jersey,10000.0
Image,10,100.0,New Jersey,10000.0
Image,10100,100.0,New Jersey,9.900990099009901
Image,1001,100.0,New Jersey,99.9000999000999
Video,10100,100.0,New Jersey,9.900990099009901
Video,110,75000.0,New Jersey,681818.1818181819
Image,10,550.0,New Jersey,55000.0
Text,1001,550.0,New Jersey,549.4505494505495
Video,10,100000.0,New Jersey,10000000.0
Video,110,100000.0,New Jersey,909090.9090909092
Text,10100,100.0,New Jersey,9.900990099009901
Image,10,75000.0,New Jersey,7500000.0
Text,10,550.0,Washington,55000.0
Image,1001,550.0,Washington,549.4505494505495
Video,10100,550.0,Washington,54.45544554455446
Image,10100,550.0,Washington,54.45544554455446
Text,10100,550.0,Washington,54.45544554455446
Video,1001,550.0,Washington,549.4505494505495
Text,1001,550.0,Washington,549.4505494505495
Image,110,550.0,Washington,5000.0
Video,1001,25500.0,Washington,25474.525474525475
Video,110,25500.0,Washington,231818.18181818182
Text,1001,25500.0,Washington,25474.525474525475
Text,10100,25500.0,Washington,2524.7524752475247
Text,10,25500.0,Washington,2550000.0
Video,10100,25500.0,Washington,2524.7524752475247
Image,1001,25500.0,Washington,25474.525474525475
Text,10,100.0,Washington,10000.0
Image,10,100.0,Washington,10000.0
Video,10,100.0,Washington,10000.0
Image,10100,100.0,Washington,9.900990099009901
Image,1001,100.0,Washington,99.9000999000999
Text,10100,100.0,Washington,9.900990099009901
Video,10100,100.0,Washington,9.900990099009901
Video,110,75000.0,Washington,681818.1818181819
Video,10,550.0,Washington,55000.0
Video,10100,550.0,Mississippi,54.45544554455446
Image,10100,550.0,Mississippi,54.45544554455446
Video,10,550.0,Mississippi,55000.0
Text,10,550.0,Mississippi,55000.0
Image,1001,550.0,Mississippi,549.4505494505495
Text,10100,550.0,Mississippi,54.45544554455446
Image,110,25500.0,Mississippi,231818.18181818182
Text,1001,25500.0,Mississippi,25474.525474525475
Text,10100,25500.0,Mississippi,2524.7524752475247
Text,10,25500.0,Mississippi,2550000.0
Video,1001,25500.0,Mississippi,25474.525474525475
Video,10100,25500.0,Mississippi,2524.7524752475247
Image,1001,25500.0,Mississippi,25474.525474525475
Video,110,25500.0,Mississippi,231818.18181818182
Image,10,100.0,Mississippi,10000.0
Text,10,100.0,Mississippi,10000.0
Image,10100,100.0,Mississippi,9.900990099009901
Video,10,100.0,Mississippi,10000.0
Video,10100,100.0,Mississippi,9.900990099009901
Image,10100,550.0,North Dakota,54.45544554455446
Text,10,550.0,North Dakota,55000.0
Image,10,550.0,North Dakota,55000.0
Video,10100,550.0,North Dakota,54.45544554455446
Video,10,550.0,North Dakota,55000.0
Image,1001,550.0,North Dakota,549.4505494505495
Text,10100,550.0,North Dakota,54.45544554455446
Video,1001,25500.0,North Dakota,25474.525474525475
Text,10100,25500.0,North Dakota,2524.7524752475247
Text,10,25500.0,North Dakota,2550000.0
Video,10100,25500.0,North Dakota,2524.7524752475247
Image,10100,25500.0,North Dakota,2524.7524752475247
Image,1001,25500.0,North Dakota,25474.525474525475
Image,10100,100.0,North Dakota,9.900990099009901
Text,10,100.0,North Dakota,10000.0
Image,10,100.0,North Dakota,10000.0
Video,10,100.0,North Dakota,10000.0
Text,10100,100.0,North Dakota,9.900990099009901
Image,1001,100.0,North Dakota,99.9000999000999
Text,1001,25500.0,North Dakota,25474.525474525475
Video,10100,100.0,North Dakota,9.900990099009901
Image,10100,550.0,Pennsylvania,54.45544554455446
Video,10,550.0,Pennsylvania,55000.0
Text,10,550.0,Pennsylvania,55000.0
Video,10100,550.0,Pennsylvania,54.45544554455446
Text,10100,550.0,Pennsylvania,54.45544554455446
Video,1001,550.0,Pennsylvania,549.4505494505495
Image,1001,550.0,Pennsylvania,549.4505494505495
Text,1001,550.0,Pennsylvania,549.4505494505495
Video,110,25500.0,Pennsylvania,231818.18181818182
Image,110,25500.0,Pennsylvania,231818.18181818182
Video,1001,25500.0,Pennsylvania,25474.525474525475
Text,10100,25500.0,Pennsylvania,2524.7524752475247
Text,1001,25500.0,Pennsylvania,25474.525474525475
Image,1001,25500.0,Pennsylvania,25474.525474525475
Video,10,25500.0,Pennsylvania,2550000.0
Video,10100,25500.0,Pennsylvania,2524.7524752475247
Image,10100,25500.0,Pennsylvania,2524.7524752475247
Text,10,25500.0,Pennsylvania,2550000.0
Video,110,100000.0,Pennsylvania,909090.9090909092
Video,10,100.0,Pennsylvania,10000.0
Text,10,100.0,Pennsylvania,10000.0
Image,10,100.0,Pennsylvania,10000.0
Image,10100,100.0,Pennsylvania,9.900990099009901
Video,10100,100.0,Pennsylvania,9.900990099009901
Image,1001,100.0,Pennsylvania,99.9000999000999
Video,1001,100.0,Pennsylvania,99.9000999000999
Text,10100,100.0,Pennsylvania,9.900990099009901
Video,110,75000.0,Pennsylvania,681818.1818181819
Image,10,75000.0,Pennsylvania,7500000.0
Image,10,550.0,Pennsylvania,55000.0
Image,110,550.0,Pennsylvania,5000.0
Image,10,25500.0,Pennsylvania,2550000.0
Text,110,25500.0,Pennsylvania,231818.18181818182
Image,110,75000.0,Pennsylvania,681818.1818181819
Video,10100,550.0,Massachusetts,54.45544554455446
Image,10100,550.0,Massachusetts,54.45544554455446
Text,10,550.0,Massachusetts,55000.0
Image,1001,550.0,Massachusetts,549.4505494505495
Video,10,550.0,Massachusetts,55000.0
Text,10100,550.0,Massachusetts,54.45544554455446
Video,1001,550.0,Massachusetts,549.4505494505495
Image,110,550.0,Massachusetts,5000.0
Text,10100,25500.0,Massachusetts,2524.7524752475247
Text,1001,25500.0,Massachusetts,25474.525474525475
Video,1001,25500.0,Massachusetts,25474.525474525475
Video,10100,25500.0,Massachusetts,2524.7524752475247
Video,110,25500.0,Massachusetts,231818.18181818182
Image,110,25500.0,Massachusetts,231818.18181818182
Text,10,25500.0,Massachusetts,2550000.0
Image,1001,25500.0,Massachusetts,25474.525474525475
Image,10,100.0,Massachusetts,10000.0
Text,10,100.0,Massachusetts,10000.0
Image,10100,100.0,Massachusetts,9.900990099009901
Video,10,100.0,Massachusetts,10000.0
Image,1001,100.0,Massachusetts,99.9000999000999
Video,10100,100.0,Massachusetts,9.900990099009901
Video,110,75000.0,Massachusetts,681818.1818181819
Text,1001,75000.0,Massachusetts,74925.07492507492
Video,10,550.0,New Hampshire,55000.0
Text,10,550.0,New Hampshire,55000.0
Image,1001,550.0,New Hampshire,549.4505494505495
Image,10100,550.0,New Hampshire,54.45544554455446
Video,10100,550.0,New Hampshire,54.45544554455446
Video,1001,550.0,New Hampshire,549.4505494505495
Text,10100,550.0,New Hampshire,54.45544554455446
Video,110,25500.0,New Hampshire,231818.18181818182
Video,1001,25500.0,New Hampshire,25474.525474525475
Text,10100,25500.0,New Hampshire,2524.7524752475247
Image,1001,25500.0,New Hampshire,25474.525474525475
Text,1001,25500.0,New Hampshire,25474.525474525475
Text,10,25500.0,New Hampshire,2550000.0
Video,10100,25500.0,New Hampshire,2524.7524752475247
Image,110,25500.0,New Hampshire,231818.18181818182
Image,10100,25500.0,New Hampshire,2524.7524752475247
Text,1001,100000.0,New Hampshire,99900.0999000999
Video,110,100000.0,New Hampshire,909090.9090909092
Text,10,100.0,New Hampshire,10000.0
Image,10,100.0,New Hampshire,10000.0
Video,10,100.0,New Hampshire,10000.0
Image,10100,100.0,New Hampshire,9.900990099009901
Video,10100,100.0,New Hampshire,9.900990099009901
Text,10100,100.0,New Hampshire,9.900990099009901
Image,1001,100.0,New Hampshire,99.9000999000999
Video,110,75000.0,New Hampshire,681818.1818181819
Video,10100,550.0,West Virginia,54.45544554455446
Image,10100,550.0,West Virginia,54.45544554455446
Video,10,550.0,West Virginia,55000.0
Text,10,550.0,West Virginia,55000.0
Image,10,550.0,West Virginia,55000.0
Image,1001,550.0,West Virginia,549.4505494505495
Text,10100,550.0,West Virginia,54.45544554455446
Video,110,25500.0,West Virginia,231818.18181818182
Text,1001,25500.0,West Virginia,25474.525474525475
Video,1001,25500.0,West Virginia,25474.525474525475
Text,10100,25500.0,West Virginia,2524.7524752475247
Video,10100,25500.0,West Virginia,2524.7524752475247
Image,1001,25500.0,West Virginia,25474.525474525475
Text,10,25500.0,West Virginia,2550000.0
Image,110,25500.0,West Virginia,231818.18181818182
Image,10100,25500.0,West Virginia,2524.7524752475247
Text,10,100.0,West Virginia,10000.0
Image,10,100.0,West Virginia,10000.0
Image,10100,100.0,West Virginia,9.900990099009901
Video,10,100.0,West Virginia,10000.0
Image,1001,100.0,West Virginia,99.9000999000999
Video,10100,100.0,West Virginia,9.900990099009901
Video,110,75000.0,West Virginia,681818.1818181819
Video,10100,550.0,North Carolina,54.45544554455446
Video,1001,550.0,North Carolina,549.4505494505495
Image,1001,550.0,North Carolina,549.4505494505495
Text,10,550.0,North Carolina,55000.0
Video,10,550.0,North Carolina,55000.0
Image,10100,550.0,North Carolina,54.45544554455446
Text,10100,550.0,North Carolina,54.45544554455446
Text,1001,550.0,North Carolina,549.4505494505495
Video,1001,25500.0,North Carolina,25474.525474525475
Text,10100,25500.0,North Carolina,2524.7524752475247
Image,110,25500.0,North Carolina,231818.18181818182
Video,110,25500.0,North Carolina,231818.18181818182
Text,1001,25500.0,North Carolina,25474.525474525475
Image,1001,25500.0,North Carolina,25474.525474525475
Text,10,25500.0,North Carolina,2550000.0
Video,10100,25500.0,North Carolina,2524.7524752475247
Image,110,100000.0,North Carolina,909090.9090909092
Video,110,100000.0,North Carolina,909090.9090909092
Text,1001,100000.0,North Carolina,99900.0999000999
Text,110,100000.0,North Carolina,909090.9090909092
Text,10,100000.0,North Carolina,10000000.0
Video,10,100.0,North Carolina,10000.0
Image,10100,100.0,North Carolina,9.900990099009901
Text,10,100.0,North Carolina,10000.0
Image,10,100.0,North Carolina,10000.0
Video,10100,100.0,North Carolina,9.900990099009901
Image,1001,100.0,North Carolina,99.9000999000999
Text,10100,100.0,North Carolina,9.900990099009901
Text,10100,75000.0,North Carolina,7425.742574257426
Video,110,75000.0,North Carolina,681818.1818181819
Image,10,550.0,North Carolina,55000.0
Video,10,25500.0,North Carolina,2550000.0
Text,110,25500.0,North Carolina,231818.18181818182
Text,10100,100000.0,North Carolina,9900.990099009901
Video,10,100000.0,North Carolina,10000000.0
Video,10100,550.0,South Carolina,54.45544554455446
Video,10,550.0,South Carolina,55000.0
Image,1001,550.0,South Carolina,549.4505494505495
Text,10,550.0,South Carolina,55000.0
Image,10100,550.0,South Carolina,54.45544554455446
Text,1001,550.0,South Carolina,549.4505494505495
Video,1001,550.0,South Carolina,549.4505494505495
Text,10100,550.0,South Carolina,54.45544554455446
Image,110,550.0,South Carolina,5000.0
Video,1001,25500.0,South Carolina,25474.525474525475
Video,110,25500.0,South Carolina,231818.18181818182
Text,1001,25500.0,South Carolina,25474.525474525475
Text,10,25500.0,South Carolina,2550000.0
Image,110,25500.0,South Carolina,231818.18181818182
Text,10100,25500.0,South Carolina,2524.7524752475247
Video,10100,25500.0,South Carolina,2524.7524752475247
Image,1001,25500.0,South Carolina,25474.525474525475
Text,110,25500.0,South Carolina,231818.18181818182
Video,110,100000.0,South Carolina,909090.9090909092
Text,10,100.0,South Carolina,10000.0
Video,10,100.0,South Carolina,10000.0
Image,10,100.0,South Carolina,10000.0
Image,10100,100.0,South Carolina,9.900990099009901
Image,1001,100.0,South Carolina,99.9000999000999
Video,10100,100.0,South Carolina,9.900990099009901
Text,10100,100.0,South Carolina,9.900990099009901
Video,110,75000.0,South Carolina,681818.1818181819
Text,10100,75000.0,South Carolina,7425.742574257426
Text,1001,75000.0,South Carolina,74925.07492507492
